{
  "test_date": "2025-07-23T11:04:42.862265",
  "engine": "Phase8 Turbo AI強化エンジン",
  "tests": {
    "COT-001.jpg": {
      "status": "PASS",
      "metrics": {
        "compression_ratio": 11.265520246918248,
        "compress_time": 3.542163133621216,
        "decompress_time": 0.1719660758972168,
        "original_size": 2802871,
        "compressed_size": 2487113,
        "restored_size": 2802871,
        "total_time": 3.7141292095184326
      }
    },
    "COT-001.png": {
      "status": "PASS",
      "metrics": {
        "compression_ratio": 0.015024712996991596,
        "compress_time": 5.120384693145752,
        "decompress_time": 0.03529787063598633,
        "original_size": 7906973,
        "compressed_size": 7905785,
        "restored_size": 7906973,
        "total_time": 5.155682563781738
      }
    },
    "COT-012.png": {
      "status": "PASS",
      "metrics": {
        "compression_ratio": 0.1673312179754749,
        "compress_time": 18.62998342514038,
        "decompress_time": 0.39974260330200195,
        "original_size": 34956418,
        "compressed_size": 34897925,
        "restored_size": 34956418,
        "total_time": 19.029726028442383
      }
    },
    "generated-music-1752042054079.wav": {
      "status": "PASS",
      "metrics": {
        "compression_ratio": 99.98213675635745,
        "compress_time": 1.9309544563293457,
        "decompress_time": 0.01709437370300293,
        "original_size": 3969044,
        "compressed_size": 709,
        "restored_size": 3969044,
        "total_time": 1.9480488300323486
      }
    },
    "Python基礎講座3_4月26日-3.mp4": {
      "status": "PASS",
      "metrics": {
        "compression_ratio": 28.33699924878482,
        "compress_time": 12.91012454032898,
        "decompress_time": 1.2170162200927734,
        "original_size": 30981802,
        "compressed_size": 22202489,
        "restored_size": 30981802,
        "total_time": 14.127140760421753
      }
    },
    "出庫実績明細_202412.txt": {
      "status": "PASS",
      "metrics": {
        "compression_ratio": 94.16442107948356,
        "compress_time": 22.85278296470642,
        "decompress_time": 0.383251428604126,
        "original_size": 96921198,
        "compressed_size": 5655913,
        "restored_size": 96921198,
        "total_time": 23.236034393310547
      }
    },
    "陰謀論.mp3": {
      "status": "PASS",
      "metrics": {
        "compression_ratio": 79.05427113137094,
        "compress_time": 1.9066474437713623,
        "decompress_time": 0.035616397857666016,
        "original_size": 1979616,
        "compressed_size": 414645,
        "restored_size": 1979616,
        "total_time": 1.9422638416290283
      }
    }
  },
  "summary": {
    "total_tests": 7,
    "passed": 7,
    "failed": 0,
    "reversibility_rate": 100.0
  }
}